Name,URL
siteCard_AnarchBar,https://steamusercontent-a.akamaihd.net/ugc/15944120951254951382/F12DC577A54CA098478CF436C8CF372C6C789BA5/
siteCard_AptCorridor,https://steamusercontent-a.akamaihd.net/ugc/9371619921407082766/06D15036366FC87983653F41E2B271B718769209/
siteCard_AptLobby,https://steamusercontent-a.akamaihd.net/ugc/14868100076596181282/3456DDB6331F9AA0A416AE52654C2D73A384C01A/
siteCard_AptStreetside,https://steamusercontent-a.akamaihd.net/ugc/13642451789886688317/11411616D9A622F090419D1E6941E1226EBB6127/
siteCard_ArtGallery,https://steamusercontent-a.akamaihd.net/ugc/9972918857564021721/354D28A2F3B51C393DF551AC41F248FAC19D327D/
siteCard_AutoMechanic,https://steamusercontent-a.akamaihd.net/ugc/17310051062031604662/F35A8BA506F567940C86D82BAE296C717E406B43/
siteCard_BackAlley1,https://steamusercontent-a.akamaihd.net/ugc/16267772333045907416/C9F40F74665F9E48FCCBF06A211FDCBE745F63F6/
siteCard_BackAlley2,https://steamusercontent-a.akamaihd.net/ugc/14354867384227245279/1DA117698F61BF1E5FB07BBA25A1CFDB37997A59/
siteCard_BackAlley3,https://steamusercontent-a.akamaihd.net/ugc/12651784794502452185/9B7046917625AA6A7CE39C235CC0A1723C218C1C/
siteCard_BackseatSedan,https://steamusercontent-a.akamaihd.net/ugc/12161040935290907416/BBDB004F434756C999FEC7F1AC2786408917DFC5/
siteCard_BayTower,https://steamusercontent-a.akamaihd.net/ugc/13323347399875828530/2E71D29BB41AD32FBF9C63CB27A096754F1E8579/
siteCard_BierMarkt,https://steamusercontent-a.akamaihd.net/ugc/11808607170932034582/94F03C42FB55F9D3CBF2DEC177E489EAD7F9ADB3/
siteCard_BillyBishopAirport,https://steamusercontent-a.akamaihd.net/ugc/10905623206761369838/3944E7C3E060B54934A7DF7FA3B77FF19777A5C4/
siteCard_BillyBishopFerry,https://steamusercontent-a.akamaihd.net/ugc/11716800719804496640/6C1DABA5CCFA6D2E6E7DAAD60CA468EE29B02C09/
siteCard_BrickWorks,https://steamusercontent-a.akamaihd.net/ugc/13834671839386713361/FEC05DB0045E24120C63E84B2A9B08D5CDA9E70D/
siteCard_CabbagetownPenthouse,https://steamusercontent-a.akamaihd.net/ugc/16422630864429946479/41201E6439EB1AB9331885423F4D78908422BBDE/
siteCard_CAMH,https://steamusercontent-a.akamaihd.net/ugc/15631577889957437080/C4DEF39FBCCCA09E5EDA9C697D681EFDD1052468/
siteCard_Cemetery,https://steamusercontent-a.akamaihd.net/ugc/14666153912692595321/55E9A068F9093A12FD84764C0FB4AA84E2D20812/
siteCard_CentrevillePark,https://steamusercontent-a.akamaihd.net/ugc/9278195063274468434/8E3D8844F9B02470F21BBC9053D5F5451246A166/
siteCard_CeramicsMuseum,https://steamusercontent-a.akamaihd.net/ugc/15734703742902121804/0E3FDB85E9A30D3F25346FAF224EF6AD0CAC30B7/
siteCard_ChantryGrounds,https://steamusercontent-a.akamaihd.net/ugc/13251706898976175056/6C4C83223E48F8E4A2516837DD23E2525F6BB3C0/
siteCard_ChantryLibrary,https://steamusercontent-a.akamaihd.net/ugc/9636775104126472238/0F0C77CF25EA62303CE9D38C282C595291D116B4/
siteCard_ChantryQuarters,https://steamusercontent-a.akamaihd.net/ugc/16764176436989113665/F88C40A01401970E50F8C71F4BEE5FDFA759D27B/
siteCard_ChantryThaumatorium,https://steamusercontent-a.akamaihd.net/ugc/14596690606867944977/3C67A85A4CDD6B3CD3A44F3CA613CD69A876784F/
siteCard_ChristiePitsPark,https://steamusercontent-a.akamaihd.net/ugc/16103611356876995216/0B8CFB5041754C9877CE58D9A3D9C43CFFA5D923/
siteCard_CityApt1,https://steamusercontent-a.akamaihd.net/ugc/12781947036993143542/9D3C1A6E1662F6939B2D7FA69993C46CC7C6DDB1/
siteCard_CityApt2,https://steamusercontent-a.akamaihd.net/ugc/16451483039527453826/9B436CCA8589D3FE1C89F012938F038B0A07E0BD/
siteCard_CityApt3,https://steamusercontent-a.akamaihd.net/ugc/14233803000832158388/CC34B9D878B698E7E264B7D2A7400208EDACE09C/
siteCard_CityHall,https://steamusercontent-a.akamaihd.net/ugc/9748416738209829458/AA24E3DFF2402A9D1CD50E3FC9302A3DBA8A24E4/
siteCard_CityPark,https://steamusercontent-a.akamaihd.net/ugc/16492922193157360250/73145E560EFB6C15DE7718C8A2B8E37E0FFFEB29/
siteCard_CLDrawingRoom,https://steamusercontent-a.akamaihd.net/ugc/12086348730070014776/5B38D3C156832E6C11A0245430B48B491B4231A8/
siteCard_CLGallery,https://steamusercontent-a.akamaihd.net/ugc/13238845438658248499/B2874F83B219DD066EE373CD349D28410499048D/
siteCard_CLGreatHall,https://steamusercontent-a.akamaihd.net/ugc/17296752790893476076/CD920983CFA6FFEFFC38B9960C0C39C5EB8B5ACD/
siteCard_CLGrounds,https://steamusercontent-a.akamaihd.net/ugc/12086343615959155737/4B1670B545DF766578E1B823AFA87172BA1B1431/
siteCard_CLLibrary,https://steamusercontent-a.akamaihd.net/ugc/15624762362671456546/1DAB00DDAE3CB2543A6A6489282EF8AB7F1F1565/
siteCard_CLOverlook,https://steamusercontent-a.akamaihd.net/ugc/13265347860350884639/ABAC2EB1438C79E61F5347E78B2BCF91D0390CCA/
siteCard_CLTerrace,https://steamusercontent-a.akamaihd.net/ugc/16654356439202899785/06C4E6B31B9D69B2D95F02E5E6A8D23B70786BF2/
siteCard_CLVestibule,https://steamusercontent-a.akamaihd.net/ugc/10534862979447147052/DEC0861EC84F9E18E61027BA053F67F3001756A8/
siteCard_CNE,https://steamusercontent-a.akamaihd.net/ugc/17348421589359968271/D1EE7A23BF6845436DC963AD9F691091DAB27241/
siteCard_CNTower,https://steamusercontent-a.akamaihd.net/ugc/10332634179514925195/4F5B8D23D115FA6E8A4BF93C4B00D995945D81A4/
siteCard_CorktownCommon,https://steamusercontent-a.akamaihd.net/ugc/17525170885052451551/7B73EFE54FF3E9186E57CAD0B1DC7CEED0BAF349/
siteCard_DanforthHall,https://steamusercontent-a.akamaihd.net/ugc/16127248586766066406/3259B52792A728665C229703A1BAD58CE26AFA07/
siteCard_DerelictWarehouse,https://steamusercontent-a.akamaihd.net/ugc/15265467228024471445/330AD2D39E7FD77376DCD98F28DAE02E1F8CB22D/
siteCard_Distillery,https://steamusercontent-a.akamaihd.net/ugc/14232582302055683461/CC649A98675BF3D5C6330EBA9F2F4F1EF05C95B1/
siteCard_Docks,https://steamusercontent-a.akamaihd.net/ugc/10388583854702371200/510244E1E927654163B990B61883EDB8564D91BB/
siteCard_DogPark,https://steamusercontent-a.akamaihd.net/ugc/16112348300406781689/E1BD5AC9713BF0B022C64318A1AB4D7A844B4FF0/
siteCard_Drake,https://steamusercontent-a.akamaihd.net/ugc/9555045626611860045/154CFB0104024C9AB326414318F925AEA41B66A6/
siteCard_EatonCentre,https://steamusercontent-a.akamaihd.net/ugc/15853064379887693994/7308D2E0A01543796ACEC3F9D3BDB53BB1231E51/
siteCard_Elevator,https://steamusercontent-a.akamaihd.net/ugc/17269447750523599179/8D3B4C32ADD7E9A8CEE9AEFF5B3830E45B6B77D2/
siteCard_EvergreenPalisades,https://steamusercontent-a.akamaihd.net/ugc/14256458510159437958/2631352BD2DF6B799632DBE09BF7FBA8EACFC3CD/
siteCard_Fairmont,https://steamusercontent-a.akamaihd.net/ugc/17223652129366323245/E04723E3D91A35F5511D85C003A09D9F92114540/
siteCard_FightClub,https://steamusercontent-a.akamaihd.net/ugc/13765866726932436473/F99FDD237C6873D123E30D2AF1756B9C069F9E05/
siteCard_FortYork,https://steamusercontent-a.akamaihd.net/ugc/13616745776104980425/118768FD9B36D1968BA0BF16F57209605D9593F3/
siteCard_GayBar,https://steamusercontent-a.akamaihd.net/ugc/12542940374248426215/EC49EDDB319A224F0515CD6652A91B47A69D41C6/
siteCard_GayClub,https://steamusercontent-a.akamaihd.net/ugc/16095306457148447705/FCE437FBF01BF7B35A2AD8F2119F0C27DF66879A/
siteCard_GECatacombs,https://steamusercontent-a.akamaihd.net/ugc/13105047338003772330/D40B49F7DE97C6061D545A23A00A0AAFA496CEF2/
siteCard_GEDiningHall,https://steamusercontent-a.akamaihd.net/ugc/10636214242663055086/9B56E8473BE45C56238D4D36088F24A0DB8EE6F2/
siteCard_GEEstateGrounds,https://steamusercontent-a.akamaihd.net/ugc/13232642564398796923/565BF68E9059297FA7F0C3585C2534D8E4810291/
siteCard_GEMortuary,https://steamusercontent-a.akamaihd.net/ugc/12926482597947457824/A4F3A84C35FECBB6FEFB6E3FC5CA6427FC21A9A5/
siteCard_GeorgeBrown,https://steamusercontent-a.akamaihd.net/ugc/11720115256759088954/76BE87AF3E4C9726FC824F09CC8B99A3C644E551/
siteCard_GETowerRoom,https://steamusercontent-a.akamaihd.net/ugc/10834534057856528780/D889D703BE2EEFD7BC3DC5B11BD9F94839481114/
siteCard_GraffitiAlley,https://steamusercontent-a.akamaihd.net/ugc/14446380491903793083/C104EA68AFFB8B9E9D26755F5BC60BB8AF6F1CE3/
siteCard_HarbourfrontCentre,https://steamusercontent-a.akamaihd.net/ugc/16962759242618485690/27620BF58061843027C0F36D308B89E021D3A70D/
siteCard_Highway,https://steamusercontent-a.akamaihd.net/ugc/12720123228557012811/D4ABA18F90F738BAE480CF24CA3F7F3BED8A03A7/
siteCard_HockeyHallOfFame,https://steamusercontent-a.akamaihd.net/ugc/13047161758515262097/DB9E26500035FE264216D19505F64AD266BCA5FF/
siteCard_JRRLibrary,https://steamusercontent-a.akamaihd.net/ugc/10544874466243417510/831EAA6D5F65A70AEA88EB39A13D4C19A510069C/
siteCard_Junkyard,https://steamusercontent-a.akamaihd.net/ugc/10715211870805282419/BED2C037429E23295804B130BF2C5577E8EB7B9B/
siteCard_Kensington,https://steamusercontent-a.akamaihd.net/ugc/11396230141664774454/B1E058F98B182BF899A3A2DE4CD9498490C7406C/
siteCard_Laboratory,https://steamusercontent-a.akamaihd.net/ugc/15897988720129377740/90FDCC470E3A0ACD9D5326F9EB9702F232315CD5/
siteCard_LectureHall,https://steamusercontent-a.akamaihd.net/ugc/9695763192829317502/41B5B3BC1D16ED38E92F5AE76CFF47F452B147CB/
siteCard_Library,https://steamusercontent-a.akamaihd.net/ugc/16190445682532056163/349ED446B0C3EBC8D9EECBCD4FDB9A53D9F1F918/
siteCard_Limousine,https://steamusercontent-a.akamaihd.net/ugc/10188580454286115998/13EFFBEAB452FB6E892A0F31B24E01009111BE13/
siteCard_LowerParklands,https://steamusercontent-a.akamaihd.net/ugc/18074090366494970566/14072539087F77CB17E845BC074D87E30A5882B1/
siteCard_LuxuryDriving,https://steamusercontent-a.akamaihd.net/ugc/9983732792570115021/DD8687C883EEDE84A2E4BEB35FBF100A840D859C/
siteCard_MadinaMasjid,https://steamusercontent-a.akamaihd.net/ugc/16209574949993976911/F4544AE9028B894BE385F1FFEA90DBA3EEE29289/
siteCard_MasseyHall,https://steamusercontent-a.akamaihd.net/ugc/13852781229091089545/FB90D7D36BA95ABA0689AF224B9749A99B1C2AD1/
siteCard_MiddleOfRoad,https://steamusercontent-a.akamaihd.net/ugc/10450657875481245845/27A0D3453B5ED9E617AE0B71E1D66D07EDA0A4FD/
siteCard_ModClub,https://steamusercontent-a.akamaihd.net/ugc/13120394194043651401/9907B45569E80CE7B753C6E6CC5248ADBC0E6B11/
siteCard_MountSinai,https://steamusercontent-a.akamaihd.net/ugc/10177114816879042162/3A80EF723BEA733719F5470F0A2FC30FC5FCC7FC/
siteCard_Nightclub1,https://steamusercontent-a.akamaihd.net/ugc/16681068105323539332/4A7AC863A6B55851778F57930A562E6C8B97E427/
siteCard_Nightclub2,https://steamusercontent-a.akamaihd.net/ugc/18034841169761281777/F5B28803009E5D459836337D93AF15F8A430ACE3/
siteCard_Nightclub3,https://steamusercontent-a.akamaihd.net/ugc/14172442664578294028/4605CAFDD2BDC896BA7830685CC93C16E467CEE5/
siteCard_OCAD,https://steamusercontent-a.akamaihd.net/ugc/13193291421114279226/D07ABB6D812BA397E7C2714F98266304821F3498/
siteCard_Office,https://steamusercontent-a.akamaihd.net/ugc/15043269860541864364/F39BA14F4A25D936F81AFA888BFE71C7ED6365C4/
siteCard_OldOsgoodeHall,https://steamusercontent-a.akamaihd.net/ugc/11602069382018124496/BE30457849594B301F130E647A6B9FB8CE5AC9F6/
siteCard_OntarioPlaceMarina,https://steamusercontent-a.akamaihd.net/ugc/11119178975016814279/C82A8CB57E3B9C2045BD21FC275F5FC8F6DD0CD1/
siteCard_ParkDriveReservation,https://steamusercontent-a.akamaihd.net/ugc/17830301338185822386/11362E6024FD75520C15DAE3E6A90D46623AD2C9/
siteCard_ParkingLot,https://steamusercontent-a.akamaihd.net/ugc/14388140620125317053/D7C3BD7B240A9201E687E8870C31F34F7EE1923A/
siteCard_PenthouseApt1,https://steamusercontent-a.akamaihd.net/ugc/10586403863640895396/495A5D31FC39E74C32DF00A53D415B7B6A2561D5/
siteCard_PenthouseApt2,https://steamusercontent-a.akamaihd.net/ugc/17484007922064001413/C98AA82EACAFFEFFE70A7578664CAC123346D1D6/
siteCard_PenthouseApt3,https://steamusercontent-a.akamaihd.net/ugc/13242802481309574567/674584BF20F7DBCCB787078F131EF9B5BB8DFDEF/
siteCard_PhoenixTheatre,https://steamusercontent-a.akamaihd.net/ugc/13271561682559357172/E04421CD68FC69D1C50EA7D6BB3FA525DF69583B/
siteCard_PMHospital,https://steamusercontent-a.akamaihd.net/ugc/16274476464291945968/8400300010C78381AB5873F4D9A8DDDFCE1131C1/
siteCard_ProfOffice,https://steamusercontent-a.akamaihd.net/ugc/14513419562492265712/045B106606A52BE321BDE0AD0B7E0101FD487290/
siteCard_ReconciliationHouse,https://steamusercontent-a.akamaihd.net/ugc/14057746011281075354/EC56ABDDB7B8361CD461D6CF6EFD427E63A8066B/
siteCard_RedemptionHouse,https://steamusercontent-a.akamaihd.net/ugc/12087748872572473356/6B3AD90661898840E1DAD2FBDF47CBBB3E2EC989/
siteCard_RemembranceHouse,https://steamusercontent-a.akamaihd.net/ugc/17975832291070650561/5C51F83A7AEAC9678423F794A3D7ABCB1A764E84/
siteCard_RevelationHouse,https://steamusercontent-a.akamaihd.net/ugc/9380142969052208184/4ED6C55861E2447141D57F1661CE3E801928B11C/
siteCard_RogersCentre,https://steamusercontent-a.akamaihd.net/ugc/12953491364974769004/ADA4DEAF85BF8380D44F4931B942F2D9FEBACB8A/
siteCard_ROMC5Lounge,https://steamusercontent-a.akamaihd.net/ugc/12524381055247333172/66E51E28C8AB7EE9CBEB45608B5DBB103533AE8E/
siteCard_ROMHallOfExtinction,https://steamusercontent-a.akamaihd.net/ugc/12051065999473332793/650E70D58DA19DF1DEE05A2932B0C4B31982D4E0/
siteCard_ROMLoadingZone,https://steamusercontent-a.akamaihd.net/ugc/11934842005047711145/3BC57C645B73F0F0B29BD0B6DB0071EDA8D337D1/
siteCard_ROMRotunda,https://steamusercontent-a.akamaihd.net/ugc/14169348366352350164/21A515ADDDF5B452BE337FFBA50BE424A693BDB3/
siteCard_ROMSpiritHouse,https://steamusercontent-a.akamaihd.net/ugc/16723064868727784958/786DDB545E881DE9D5CCF33101C77874C2E8823F/
siteCard_Rooftop,https://steamusercontent-a.akamaihd.net/ugc/9745125408957200698/6412FA4D5CACCF1E9148A2A9866189E1F6E00E7B/
siteCard_RunDownApt1,https://steamusercontent-a.akamaihd.net/ugc/12425150696475680531/015C26C4A0956A1D072324101AAC7BF363EE5823/
siteCard_RunDownApt2,https://steamusercontent-a.akamaihd.net/ugc/15851668047771871078/773B808D714EA936CE9F257F25DB32396B451483/
siteCard_RunDownApt3,https://steamusercontent-a.akamaihd.net/ugc/13647819593730908436/214DA4DFC20AA92EED13E315A9DB53014C9F398E/
siteCard_Ryerson,https://steamusercontent-a.akamaihd.net/ugc/11498045445593939062/A922A94DD295A5267C06ECBFCEDDD606B463776D/
siteCard_ScotiabankTheatre,https://steamusercontent-a.akamaihd.net/ugc/17539982911901703860/822F284F58DDC780E0E670F2F5E43CAE7ECDD4F7/
siteCard_SecludedDeadEnd,https://steamusercontent-a.akamaihd.net/ugc/12461031108021341281/D783A502A7F21595638205E8852A51F13646C576/
siteCard_SewerTunnel1,https://steamusercontent-a.akamaihd.net/ugc/16273830831545241478/86430DF5D243B1C913F1FC2122228229039F1BED/
siteCard_SewerTunnel2,https://steamusercontent-a.akamaihd.net/ugc/17360797332798057338/9795B8DD29CDFECC85F29D4A6AFF7E91C1D5B5A5/
siteCard_SheratonCentre,https://steamusercontent-a.akamaihd.net/ugc/10040737816560453203/F5F582D565AECC1CD70B32C6D69851435AB3D016/
siteCard_SickKids,https://steamusercontent-a.akamaihd.net/ugc/10855555264127601326/B6FADF3E164E8DF5D89A826B25F4CF7EB112DDA7/
siteCard_Sidewalk1,https://steamusercontent-a.akamaihd.net/ugc/15323285185299811424/EEA44D54D972D5D96FC3BBC4A673781B3738891E/
siteCard_Sidewalk2,https://steamusercontent-a.akamaihd.net/ugc/18417264974323639860/D5E1E6A3D80BAC0B2320FA92C3CE69EFF757BACE/
siteCard_Sidewalk3,https://steamusercontent-a.akamaihd.net/ugc/11823087954929638493/5E8FBFE76E813187B56551FAAA05A65D9CB33A2B/
siteCard_SnakesLattes,https://steamusercontent-a.akamaihd.net/ugc/12133393468533840736/12102E69C4A6C3AA247E4120DC3AAC48D1EDFB9D/
siteCard_SneakyDees,https://steamusercontent-a.akamaihd.net/ugc/13122820055659642800/75201A4D0548C5D3C6312506DC51722D1EC40D6A/
siteCard_Stairwell,https://steamusercontent-a.akamaihd.net/ugc/14579733459297619536/A29D9CF41A8DD76E74FE4FBBB134A90AAB13ABB9/
siteCard_StLawrenceMarket,https://steamusercontent-a.akamaihd.net/ugc/9937862364122560301/EBE8347303FF48661026E55831AE9703FB6816E5/
siteCard_StMichaelsCathedral,https://steamusercontent-a.akamaihd.net/ugc/13226778168362461830/6A0D48597871FB03C82FC4CB4F556565033AC1D9/
siteCard_StMichaelsHospital,https://steamusercontent-a.akamaihd.net/ugc/17994381067258523904/FF70AE6C5FCC6F93CF2B0D7386F5F65994ED9A27/
siteCard_StreetCorner1,https://steamusercontent-a.akamaihd.net/ugc/18244559490171417733/F8B3CCCFF619654C798D02909C5B7FA0618F63EF/
siteCard_StreetCorner2,https://steamusercontent-a.akamaihd.net/ugc/14422317637001337065/D279E5FAEB5AA0AE5AD260823B57922F3BDF5C12/
siteCard_StreetCorner3,https://steamusercontent-a.akamaihd.net/ugc/12158970009922565379/7120D8038D7358A02AB971E403E23A9070C5D3E4/
siteCard_StRegisCouncilChamber,https://steamusercontent-a.akamaihd.net/ugc/11346975821648779551/E58742F42127D4D87438DE9E9602E5737A90EEC0/
siteCard_StRegisFoyer,https://steamusercontent-a.akamaihd.net/ugc/16548506383082730336/E9F735EE00B40DC58E705C05299A5F896B637EC4/
siteCard_StRegisRoom101,https://steamusercontent-a.akamaihd.net/ugc/14173098634281644267/21DD6FA7DD657C6477549DBE2DC941DCBE518B34/
siteCard_StripClub,https://steamusercontent-a.akamaihd.net/ugc/12055334132521599820/22B8377F7A1674ABBD3EFB298C5F6B418A6E4710/
siteCard_StudentVillage,https://steamusercontent-a.akamaihd.net/ugc/14326542261559502598/0C095F8FB413C27B97E03BC9ACDFBE84F56B8A16/
siteCard_SuburbanHouse1,https://steamusercontent-a.akamaihd.net/ugc/11937939584317144547/7EAD08761B082D1F57FC10C3C5A7727D6E7D962F/
siteCard_SuburbanHouse2,https://steamusercontent-a.akamaihd.net/ugc/15371675792223735614/CDD783636113B4FA85C7F4EA32039131FE841F42/
siteCard_SuburbanHouse3,https://steamusercontent-a.akamaihd.net/ugc/16338680439815110300/FDB7A4DD83D16EF23DC20E1AFC9C478461EFED9A/
siteCard_SubwayStation,https://steamusercontent-a.akamaihd.net/ugc/9989651585863821127/9CBAE1B33882D2FE30178EECD398CCA36F6A8297/
siteCard_SubwayTunnels,https://steamusercontent-a.akamaihd.net/ugc/13348051057515758734/F833B2F389771F4DEB07DCB930275AF8753F4CE1/
siteCard_SUV,https://steamusercontent-a.akamaihd.net/ugc/15316037928688632920/C1761BFB0461F647C549AE9BBDC061957EE1806A/
siteCard_Taxi,https://steamusercontent-a.akamaihd.net/ugc/12040445747350785810/8BBAFE231D4E75BF94119F52C455BF0103AE3899/
siteCard_ThreefoldExchange,https://steamusercontent-a.akamaihd.net/ugc/13152173457580874504/58CB57DC7F2CCA49FE806D1A5160FF032EECA7CE/
siteCard_TIFFLightbox,https://steamusercontent-a.akamaihd.net/ugc/10175447901342892905/D1EAA806B8C9A8C24C74D9E3B6E075327A299563/
siteCard_TorontoGeneral,https://steamusercontent-a.akamaihd.net/ugc/15512054162346359571/3BA27C0DEBDBD8ED3418AEB9F232B4FEDBF54039/
siteCard_UndergroundMedClinic,https://steamusercontent-a.akamaihd.net/ugc/11813479855482093694/4322DE71B6BB8BA9A712A237AACE72D0F1849861/
siteCard_UndergroundMedOffice,https://steamusercontent-a.akamaihd.net/ugc/11060559088285880507/CA2556857BAC0B251B53D4082A6289BB7A601285/
siteCard_UndergroundParking,https://steamusercontent-a.akamaihd.net/ugc/16037843818210809849/855FCD27B099DADC69E1C4BF0CAAD17651E399EC/
siteCard_UnionConcourse,https://steamusercontent-a.akamaihd.net/ugc/11163317255108740696/2D62545F2B23B16A7C3F64A3E005CE0904B09AA1/
siteCard_UnionGrandClock,https://steamusercontent-a.akamaihd.net/ugc/15218043520897531877/02911106C8AF25D8459A05D6D721C31AE946C749/
siteCard_UnionLine1,https://steamusercontent-a.akamaihd.net/ugc/13414594117513218897/41A6AB084ABFD0A9626BC47BAE1074552274B07E/
siteCard_UnionSecOffice,https://steamusercontent-a.akamaihd.net/ugc/17954564636462022075/0FAC23252D066BB61E988C31E9120CAE6927DEC6/
siteCard_UnionServiceCorridor,https://steamusercontent-a.akamaihd.net/ugc/18387977974668627751/46A1C25A3AB722D267C6F5FD21AD4B9203F49779/
siteCard_UnionUPExpress,https://steamusercontent-a.akamaihd.net/ugc/14697242277332287764/3FB25F1D88E671A0E9C09EF6ABD80BA921A722FA/
siteCard_UpperCanadaCollege,https://steamusercontent-a.akamaihd.net/ugc/14647941895359478214/A314D5AE5C42882FAB64CE2CBF46489F0BB765E0/
siteCard_VacantLot,https://steamusercontent-a.akamaihd.net/ugc/18221697824538689095/F22D6FA0CFEC01D56535A81F5974BCABF19418D0/
siteCard_WalkingPath,https://steamusercontent-a.akamaihd.net/ugc/10120896827555954613/265FD181E522D6439BF5D3E2ABAEEC7D436FC45D/
siteCard_WarrensAntechamber,https://steamusercontent-a.akamaihd.net/ugc/14836205825956687622/2A78174F35BFDDD5FDB40A6516FE2D6F57B123B0/
siteCard_WarrensDrakes,https://steamusercontent-a.akamaihd.net/ugc/13135587202647023816/BFDF1284445237239226048EFDDFF3E5BA51EDFF/
siteCard_WarrensLabyrinth,https://steamusercontent-a.akamaihd.net/ugc/13579613335553177902/7C35059FB8BE5BD4A9F6CE4B565ECAD434A4CE2E/
siteCard_WarrensSpawningPool,https://steamusercontent-a.akamaihd.net/ugc/13525788519294564433/D2AD8396A19E01B0140D452130DA93080241E609/
siteCard_WarrensTunnelJunction,https://steamusercontent-a.akamaihd.net/ugc/14218781473043994716/CBC5CDC1AC85C6FA800F0E655C1B72730906B838/
siteCard_WealthyEstate1,https://steamusercontent-a.akamaihd.net/ugc/15275027731894378980/0C80F87412CA5E08D5E0103484C0BC2EE7DF6152/
siteCard_WealthyEstate2,https://steamusercontent-a.akamaihd.net/ugc/12893491003117501376/B1438E957B5EFDFEEA6235673A6A7C3E20512FFE/
siteCard_WealthyEstate3,https://steamusercontent-a.akamaihd.net/ugc/13734035886117440918/66AFA60B6AEF2DE6CF3F596AC59BE2CAB77D4E6E/
siteCard_WychwoodPub,https://steamusercontent-a.akamaihd.net/ugc/9816228963495499062/0CBA3D699EC7904A2BAE2D095E4C851653D83154/
siteCard_Yacht,https://steamusercontent-a.akamaihd.net/ugc/13397563244644610321/1B4C552CB89ECD609A23B90A57F85F38D9EF6541/
siteCard_YongeDundasSquare,https://steamusercontent-a.akamaihd.net/ugc/13388855949738721907/E1DEB01FD29D7E3516AEA34415669D3E25D62CD1/
siteCard_YorkvilleApt1,https://steamusercontent-a.akamaihd.net/ugc/11136301624058740831/78E058F82D34B5C7B4D288432D5DB588C6E0C3FE/
siteCard_YouthShelter,https://steamusercontent-a.akamaihd.net/ugc/17044451550393292983/782F943611523B281A5DD03F36E4125750A6BD96/
